<?xml version="1.0" encoding="UTF-8"?>
<project-private xmlns="http://www.netbeans.org/ns/project-private/1">
    <editor-bookmarks xmlns="http://www.netbeans.org/ns/editor-bookmarks/2" lastBookmarkId="0"/>
    <open-files xmlns="http://www.netbeans.org/ns/projectui-open-files/2">
        <group>
            <file>file:/C:/Users/CSF12-162PC05/Desktop/Tarot/src/resource/script.sql</file>
            <file>file:/C:/Users/CSF12-162PC05/Desktop/Tarot/src/model/Conexion.java</file>
            <file>file:/C:/Users/CSF12-162PC05/Desktop/Tarot/src/view/frmLogin.java</file>
            <file>file:/C:/Users/CSF12-162PC05/Desktop/Tarot/src/view/frmMain.java</file>
            <file>file:/C:/Users/CSF12-162PC05/Desktop/Tarot/src/model/TarotDAO.java</file>
            <file>file:/C:/Users/CSF12-162PC05/Desktop/Tarot/src/clases/Principal.java</file>
        </group>
    </open-files>
</project-private>
